Date,Close,High,Low,Open,Volume,Dividends,Stock Splits
2026-03-31 00:00:00-04:00,,,,,0,0.12,0.0
2026-04-01 00:00:00-04:00,9.478776931762695,9.601754276066929,9.459856785154509,9.497696176208636,17133400,0.0,0.0
2026-04-02 00:00:00-04:00,9.601754188537598,9.601754188537598,9.28011981859064,9.289578989646259,12504500,0.0,0.0
2026-04-06 00:00:00-04:00,9.649052619934082,9.743651537665276,9.563913774408435,9.58283391881953,13165400,0.0,0.0
2026-04-07 00:00:00-04:00,9.544994354248047,9.677431754008618,9.507154968293294,9.620673126157552,12434200,0.0,0.0
2026-04-08 00:00:00-04:00,9.762572288513184,9.876090466035164,9.68689350349853,9.809871754687912,14492900,0.0,0.0
2026-04-09 00:00:00-04:00,9.913928031921387,9.942308247694594,9.7247311042439,9.734191176168304,14053900,0.0,0.0
2026-04-10 00:00:00-04:00,9.90446949005127,9.980148265919906,9.847709957068705,9.942308877985589,10958100,0.0,0.0
2026-04-13 00:00:00-04:00,9.951769828796387,9.961228999993152,9.781492116983124,9.83825075281271,14608800,0.0,0.0
2026-04-14 00:00:00-04:00,10.065287590026855,10.065287590026855,9.961228591667727,9.980148737610191,11698300,0.0,0.0
2026-04-15 00:00:00-04:00,10.159886360168457,10.178806507501859,9.989609544979242,10.093667648826111,11494300,0.0,0.0
2026-04-16 00:00:00-04:00,9.989609718322754,10.169346610297533,9.980149644491897,10.169346610297533,14574900,0.0,0.0
2026-04-17 00:00:00-04:00,10.311244010925293,10.330164158406843,10.055828335060385,10.084207654120421,20819500,0.0,0.0
2026-04-20 00:00:00-04:00,10.188265800476074,10.235564360860689,10.03690733989379,10.178805727534266,20030200,0.0,0.0
2026-04-21 00:00:00-04:00,10.320703506469727,10.519360533085207,10.226105480848501,10.245024725107852,20012400,0.0,0.0
2026-04-22 00:00:00-04:00,10.320703506469727,10.500441288825856,10.26394487152944,10.46260189814492,16771400,0.0,0.0
2026-04-23 00:00:00-04:00,10.27340316772461,10.349081942641899,10.20718446521252,10.311242555183254,11045400,0.0,0.0
2026-04-24 00:00:00-04:00,10.424762725830078,10.45314204389468,10.254485013117957,10.320703722656113,12332000,0.0,0.0
2026-04-27 00:00:00-04:00,10.500441551208496,10.500441551208496,10.415302694508398,10.424762767955578,14372600,0.0,0.0
2026-04-28 00:00:00-04:00,10.481521606445312,10.519360998801487,10.443682214089138,10.4720615328157,14814200,0.0,0.0
2026-04-29 00:00:00-04:00,10.377462387084961,10.509899795009018,10.320702853573094,10.509899795009018,24146700,0.0,0.0
2026-04-30 00:00:00-04:00,10.540060043334961,10.587881725626074,10.358334366924291,10.406156961355526,16337700,0.12,0.0
2026-05-01 00:00:00-04:00,10.463541984558105,10.540058672983944,10.444413496556647,10.540058672983944,11440300,0.0,0.0
2026-05-04 00:00:00-04:00,10.186172485351562,10.41572073576577,10.167043996565402,10.396591334839568,18180200,0.0,0.0
2026-05-05 00:00:00-04:00,10.253125190734863,10.291383083112452,10.167044704850262,10.186173194969005,10378700,0.0,0.0
2026-05-06 00:00:00-04:00,10.320075988769531,10.367898580953131,10.253124906996538,10.339205390499002,14166900,0.0,0.0
2026-05-07 00:00:00-04:00,10.253125190734863,10.32964097549004,10.186173194969005,10.320076274360616,11235900,0.0,0.0
2026-05-08 00:00:00-04:00,10.387025833129883,10.415719932305745,10.281816872571632,10.310510059607523,13189700,0.0,0.0
2026-05-11 00:00:00-04:00,10.329641342163086,10.425285620432106,10.320076640694143,10.358334534429778,11415500,0.0,0.0
2026-05-12 00:00:00-04:00,10.27225399017334,10.348769777232572,10.24356079806116,10.291383393008214,12384900,0.0,0.0
2026-05-13 00:00:00-04:00,10.167044639587402,10.253125124919448,10.157479938519376,10.253125124919448,13871700,0.0,0.0
2026-05-14 00:00:00-04:00,10.09052848815918,10.253124751838849,10.09052848815918,10.214866861098931,11880000,0.0,0.0
2026-05-15 00:00:00-04:00,9.889674186706543,10.033141046813252,9.870544785550955,10.023576346235458,18604300,0.0,0.0
2026-05-18 00:00:00-04:00,9.85141658782959,9.985318751317825,9.832287186108369,9.956625560876072,16824100,0.0,0.0
2026-05-19 00:00:00-04:00,9.688820838928223,9.822723921703998,9.669691436185914,9.803594518961692,16400500,0.0,0.0
2026-05-20 00:00:00-04:00,9.803593635559082,9.84185152545615,9.65056207597081,9.688819965867879,21656000,0.0,0.0
2026-05-21 00:00:00-04:00,9.81315803527832,9.841851223786614,9.650561780164624,9.74620604590561,15518100,0.0,0.0
2026-05-22 00:00:00-04:00,9.765336036682129,9.88967441058806,9.736642846439244,9.860981220345176,11690400,0.0,0.0
2026-05-26 00:00:00-04:00,9.975754737854004,9.994883227004202,9.803593774801932,9.851416365887513,15649200,0.0,0.0
2026-05-27 00:00:00-04:00,10.052270889282227,10.157479863836679,9.994883595436104,10.014012997431507,14273700,0.0,0.0
2026-05-28 00:00:00-04:00,10.09052848815918,10.109656977459107,9.985318604519355,10.023576495259274,16530200,0.0,0.0
2026-05-29 00:00:00-04:00,10.071179389953613,10.100202703770346,10.022806585169386,10.071179389953613,14941800,0.12,0.0
2026-06-01 00:00:00-04:00,9.897037506103516,10.032481172841917,9.790618075359804,9.858339447411756,14763800,0.0,0.0
2026-06-02 00:00:00-04:00,9.868013381958008,9.993782293031298,9.85833863742135,9.887362871031323,11744200,0.0,0.0
2026-06-03 00:00:00-04:00,9.838990211486816,9.89703683426685,9.751919354682332,9.800292155421984,10501400,0.0,0.0
2026-06-04 00:00:00-04:00,9.955085754394531,10.071179938620658,9.877689631577114,9.877689631577114,15649300,0.0,0.0
2026-06-05 00:00:00-04:00,9.838990211486816,9.955084379681317,9.819640722137182,9.887363012226466,10912700,0.0,0.0
2026-06-08 00:00:00-04:00,9.780943870544434,9.93573703650017,9.742245809714136,9.868014738071238,14370000,0.0,0.0
2026-06-09 00:00:00-04:00,9.974433898925781,9.984107720995159,9.838990240975704,9.858338807748893,12636000,0.0,0.0
2026-06-10 00:00:00-04:00,9.848666191101074,10.032481749799341,9.838991445213127,9.916387567047613,17007300,0.0,0.0
2026-06-11 00:00:00-04:00,9.964759826660156,10.022806453531244,9.887363709075705,9.91638702251125,13632500,0.0,0.0
2026-06-12 00:00:00-04:00,9.974433898925781,10.042155266583602,9.955084409518154,10.003457210402784,12400000,0.0,0.0
2026-06-15 00:00:00-04:00,10.119552612304688,10.206623479982232,10.061505059641474,10.119552612304688,13246900,0.0,0.0
2026-06-16 00:00:00-04:00,10.21629810333252,10.27434473266498,10.138901059831674,10.148575805598597,11449100,0.0,0.0
2026-06-17 00:00:00-04:00,9.964759826660156,10.245320983562411,9.897037531797888,10.22597149284905,16399700,0.0,0.0
2026-06-18 00:00:00-04:00,10.042155265808105,10.080853321985934,9.984107720224143,10.042155265808105,19081000,0.0,0.0
2026-06-22 00:00:00-04:00,10.042155265808105,10.109876633460695,10.013131954333343,10.022805776401972,11867200,0.0,0.0
2026-06-23 00:00:00-04:00,10.100202560424805,10.109877305771246,9.96475981611263,10.003457874863894,12446800,0.0,0.0
2026-06-24 00:00:00-04:00,10.148575782775879,10.206623334612338,10.10987772242975,10.119552468174916,11262200,0.0,0.0
2026-06-25 00:00:00-04:00,10.274344444274902,10.303367758126479,10.119552206887143,10.158250266234083,12971700,0.0,0.0
2026-06-26 00:00:00-04:00,10.545230865478516,10.554905610979178,10.245321136034116,10.274344449901587,33687400,0.0,0.0
2026-06-29 00:00:00-04:00,10.641976356506348,10.641976356506348,10.438811316431302,10.545230747847944,25083500,0.0,0.0
2026-06-30 00:00:00-04:00,10.661538124084473,10.788694199749921,10.544163500272656,10.553944952126288,21009600,0.12,0.0
2026-07-01 00:00:00-04:00,10.553945541381836,10.671320171746997,10.524602116993206,10.583288965770466,14539000,0.0,0.0
2026-07-02 00:00:00-04:00,10.759350776672363,10.759350776672363,10.573507855511956,10.651757604717453,16136200,0.0,0.0
2026-07-06 00:00:00-04:00,10.925631523132324,10.97453784867612,10.730007153767716,10.739787672628017,21105600,0.0,0.0
2026-07-07 00:00:00-04:00,10.876725196838379,11.003881270119248,10.81803835243833,10.9256315223788,14462300,0.0,0.0
2026-07-08 00:00:00-04:00,10.700662612915039,10.866943557189773,10.661537739721604,10.837600135497336,12852200,0.0,0.0
2026-07-09 00:00:00-04:00,10.82781982421875,10.915851031376732,10.67132031496485,10.749570069591801,13625000,0.0,0.0
2026-07-10 00:00:00-04:00,10.886507034301758,10.93541336157531,10.81803873580515,10.876725582284926,12156000,0.0,0.0
2026-07-13 00:00:00-04:00,10.749568939208984,10.896287913314112,10.710444066009728,10.876725010309205,15081700,0.0,0.0
2026-07-14 00:00:00-04:00,10.935413360595703,10.994100207070224,10.808257282820101,10.837600706057362,14373500,0.0,0.0
2026-07-15 00:00:00-04:00,11.07235050201416,11.189725133545224,10.974538775476933,10.994100747660116,16125000,0.0,0.0
2026-07-16 00:00:00-04:00,11.179944038391113,11.19950600956738,11.0625694129017,11.082131384077968,15055600,0.0,0.0
2026-07-17 00:00:00-04:00,10.97453784942627,11.150599315461164,10.915850072207588,11.1016939227246,23930100,0.0,0.0
2026-07-20 00:00:00-04:00,10.681100845336914,11.043006162443918,10.661537941963823,11.023444191881403,23379100,0.0,0.0
2026-07-21 00:00:00-04:00,10.544163703918457,10.915850486239782,10.465913953199296,10.788694408118491,24382700,0.0,0.0
2026-07-22 00:00:00-04:00,10.48547649383545,10.671319412149096,10.44635161983202,10.651757441552668,25027100,0.0,0.0
2026-07-23 00:00:00-04:00,10.328977584838867,10.417007856741593,10.231164927866109,10.368102461065844,23668500,0.0,0.0
2026-07-24 00:00:00-04:00,10.358321189880371,10.43657094370221,10.319196312969451,10.387664614360899,22111500,0.0,0.0
2026-07-27 00:00:00-04:00,10.407227516174316,10.46591436511819,10.368102639274854,10.426789488218725,17827400,0.0,0.0
2026-07-28 00:00:00-04:00,10.82781982421875,10.857164181811848,10.436571051084,10.465914475866443,31272800,0.0,0.0
2026-07-29 00:00:00-04:00,10.661538124084473,10.818038555310817,10.632194701334166,10.788694199749921,23430000,0.0,0.0
2026-07-30 00:00:00-04:00,10.681100845336914,10.749569141521581,10.57350767521664,10.710444267585975,24276600,0.0,0.0
2026-07-31 00:00:00-04:00,10.542642593383789,10.65143219343919,10.503082996047787,10.63165192318359,19248700,0.12,0.0
2026-08-03 00:00:00-04:00,10.522863388061523,10.69099191447871,10.483303790267785,10.582202313164524,23616100,0.0,0.0
2026-08-04 00:00:00-04:00,10.522863388061523,10.651432316684973,10.483303790267785,10.582202313164524,26254200,0.0,0.0
2026-08-05 00:00:00-04:00,10.552532196044922,10.601981926013554,10.414073140767778,10.532751926787407,15283200,0.0,0.0
2026-08-06 00:00:00-04:00,10.493192672729492,10.611871462609047,10.463523211053399,10.55253253925686,19340400,0.0,0.0
2026-08-07 00:00:00-04:00,10.720661163330078,10.809670492385523,10.532752370174094,10.532752370174094,18004000,0.0,0.0
2026-08-10 00:00:00-04:00,10.641541481018066,10.730550805989198,10.522862695448273,10.730550805989198,14080100,0.0,0.0
2026-08-11 00:00:00-04:00,10.770111083984375,10.770111083984375,10.601982557974342,10.651432290890565,14345100,0.0,0.0
2026-08-12 00:00:00-04:00,10.760220527648926,10.898679585760508,10.750330392817705,10.829449585117132,16630300,0.0,0.0
2026-08-13 00:00:00-04:00,10.839339256286621,10.869008716335978,10.750329932963421,10.839339256286621,14084900,0.0,0.0
2026-08-14 00:00:00-04:00,10.839339256286621,10.958018039659178,10.819558987470296,10.859118581927815,12215100,0.0,0.0
2026-08-17 00:00:00-04:00,10.829449653625488,10.888789519813034,10.77999992233173,10.829449653625488,11619900,0.0,0.0
2026-08-18 00:00:00-04:00,10.799779891967773,10.849229621887208,10.770110431286174,10.83933948726829,11326200,0.0,0.0
2026-08-19 00:00:00-04:00,10.95801830291748,11.007468032971156,10.849229651339519,10.878899112101664,17359500,0.0,0.0
2026-08-20 00:00:00-04:00,10.799779891967773,10.977798542407674,10.770110431286174,10.908568543250407,12638800,0.0,0.0
2026-08-21 00:00:00-04:00,10.770111083984375,10.8788997418599,10.76022094876609,10.849230279380249,10212400,0.0,0.0
2026-08-24 00:00:00-04:00,10.859119415283203,10.878899685617514,10.720661295643836,10.78989035546352,14103300,0.0,0.0
2026-08-25 00:00:00-04:00,10.78989028930664,10.908569081059234,10.760220827162291,10.898679889127914,13764500,0.0,0.0
2026-08-26 00:00:00-04:00,10.690991401672363,10.809670189361006,10.690991401672363,10.79978005459316,12299600,0.0,0.0
2026-08-27 00:00:00-04:00,10.819559097290039,10.839339366307135,10.671210852362373,10.70088031271288,12494400,0.0,0.0
2026-08-28 00:00:00-04:00,10.779999732971191,10.87889919382145,10.760220406706235,10.82944946339632,20394300,0.0,0.0
2026-08-31 00:00:00-04:00,10.729999542236328,10.84000015258789,10.680000305175781,10.739999771118164,16710400,0.12,0.0
2026-09-01 00:00:00-04:00,10.600000381469727,10.739999771118164,10.579999923706055,10.649999618530273,16193200,0.0,0.0
2026-09-02 00:00:00-04:00,10.619999885559082,10.649999618530273,10.569999694824219,10.630000114440918,18853700,0.0,0.0
2026-09-03 00:00:00-04:00,10.65999984741211,10.760000228881836,10.579999923706055,10.699999809265137,15770300,0.0,0.0
2026-09-04 00:00:00-04:00,10.649999618530273,10.729999542236328,10.569999694824219,10.609999656677246,16562900,0.0,0.0
2026-09-08 00:00:00-04:00,10.680000305175781,10.869999885559082,10.670000076293945,10.75,37539200,0.0,0.0
2026-09-09 00:00:00-04:00,10.510000228881836,10.760000228881836,10.5,10.710000038146973,30217800,0.0,0.0
2026-09-10 00:00:00-04:00,10.1899995803833,10.539999961853027,10.170000076293945,10.529999732971191,37558100,0.0,0.0
2026-09-11 00:00:00-04:00,10.149999618530273,10.34000015258789,10.149999618530273,10.289999961853027,26647200,0.0,0.0
2026-09-14 00:00:00-04:00,10.09000015258789,10.199999809265137,10.020000457763672,10.0600004196167,27149000,0.0,0.0
2026-09-15 00:00:00-04:00,9.960000038146973,10.130000114440918,9.9399995803833,10.09000015258789,28437000,0.0,0.0
2026-09-16 00:00:00-04:00,9.880000114440918,10.119999885559082,9.789999961853027,10.010000228881836,39298600,0.0,0.0
2026-09-17 00:00:00-04:00,9.90999984741211,10.100000381469727,9.90999984741211,10.069999694824219,32103600,0.0,0.0
2026-09-18 00:00:00-04:00,9.869999885559082,10.0,9.829999923706055,9.899999618530273,188214700,0.0,0.0
2026-09-21 00:00:00-04:00,9.970000267028809,10.029999732971191,9.859999656677246,9.920000076293945,29906300,0.0,0.0
2026-09-22 00:00:00-04:00,10.09000015258789,10.100000381469727,9.970000267028809,10.039999961853027,27116900,0.0,0.0
2026-09-23 00:00:00-04:00,9.90999984741211,10.09000015258789,9.859999656677246,10.079999923706055,29237200,0.0,0.0
2026-09-24 00:00:00-04:00,9.619999885559082,9.930000305175781,9.600000381469727,9.90999984741211,41901800,0.0,0.0
2026-09-25 00:00:00-04:00,9.619999885559082,9.699999809265137,9.510000228881836,9.680000305175781,35023700,0.0,0.0
2026-09-28 00:00:00-04:00,9.460000038146973,9.680000305175781,9.430000305175781,9.5600004196167,46833600,0.0,0.0
2026-09-29 00:00:00-04:00,9.449999809265137,9.520000457763672,9.329999923706055,9.5,39480500,0.0,0.0
2026-09-30 00:00:00-04:00,,,,,54522720,0.0,0.0
