Date,Close,High,Low,Open,Volume,Dividends,Stock Splits,Capital Gains
2026-03-23 00:00:00-04:00,,,,,0,0.45,0.0,0.0
2026-03-24 00:00:00-04:00,43.8938102722168,44.22626521525828,43.39512972267575,43.50268922337186,1802600,0.0,0.0,0.0
2026-03-25 00:00:00-04:00,44.00136947631836,44.2262649171478,43.76669386455938,44.04048269995191,1612500,0.0,0.0,0.0
2026-03-26 00:00:00-04:00,44.11870574951172,44.43160408085247,43.903590477991415,43.903590477991415,1273700,0.0,0.0,0.0
2026-03-27 00:00:00-04:00,43.94269943237305,44.35338081849212,43.84981018923698,44.069815543557795,1421000,0.0,0.0,0.0
2026-03-30 00:00:00-04:00,44.10892868041992,44.51960633569055,43.91336629360626,44.333824119740825,1533600,0.0,0.0,0.0
2026-03-31 00:00:00-04:00,44.509830474853516,44.74450235805397,44.157818920010506,44.47071725097266,2378300,0.0,0.0,0.0
2026-04-01 00:00:00-04:00,44.34360122680664,44.568500399548846,44.17737562004505,44.4511607276723,2214000,0.0,0.0,0.0
2026-04-02 00:00:00-04:00,44.61738967895508,44.62814339092333,44.13826201470499,44.34360084365118,2388000,0.0,0.0,0.0
2026-04-06 00:00:00-04:00,44.71516799926758,44.72494816997333,44.36804654005787,44.460939511551395,988800,0.0,0.0,0.0
2026-04-07 00:00:00-04:00,44.55872344970703,44.80317552205787,44.45116394106584,44.612503204027625,918700,0.0,0.0,0.0
2026-04-08 00:00:00-04:00,44.91073226928711,44.920508710361275,44.49027443229282,44.553830624380836,1930900,0.0,0.0,0.0
2026-04-09 00:00:00-04:00,44.99873352050781,45.11117937395673,44.700501723033696,44.73472486061061,800300,0.0,0.0,0.0
2026-04-10 00:00:00-04:00,44.744503021240234,45.14540424685515,44.67605674345542,45.0476249157461,754400,0.0,0.0,0.0
2026-04-13 00:00:00-04:00,44.75428009033203,44.75428009033203,44.35826897773392,44.685833817291424,752500,0.0,0.0,0.0
2026-04-14 00:00:00-04:00,44.812950134277344,44.92050589953254,44.39249232359253,44.63694436561662,842500,0.0,0.0,0.0
2026-04-15 00:00:00-04:00,44.72494888305664,44.83250465223919,44.50493979917614,44.74939185012629,657800,0.0,0.0,0.0
2026-04-16 00:00:00-04:00,45.09651184082031,45.106292011362314,44.705390810109854,44.74450030215139,969600,0.0,0.0,0.0
2026-04-17 00:00:00-04:00,45.37030029296875,45.409409784689274,44.837392904068416,44.837392904068416,1279500,0.0,0.0,0.0
2026-04-20 00:00:00-04:00,45.50719451904297,45.63919698481228,45.194296193475,45.24318585746207,2136100,0.0,0.0,0.0
2026-04-21 00:00:00-04:00,45.18451690673828,45.6832011872736,45.12585080082283,45.52675202142852,705700,0.0,0.0,0.0
2026-04-22 00:00:00-04:00,44.95962142944336,45.46808215056008,44.86184209963113,45.340966037770315,901600,0.0,0.0,0.0
2026-04-23 00:00:00-04:00,45.36052322387695,45.3849699216606,45.047624888466615,45.164960831734895,1061500,0.0,0.0,0.0
2026-04-24 00:00:00-04:00,45.00851058959961,45.3996353645469,44.94984448438712,45.32140891754053,577100,0.0,0.0,0.0
2026-04-27 00:00:00-04:00,44.98895263671875,45.399634011175145,44.96939975559232,45.06717908139318,893500,0.0,0.0,0.0
2026-04-28 00:00:00-04:00,45.3311882019043,45.487637362815114,44.98895309800787,45.31163159053517,662200,0.0,0.0,0.0
2026-04-29 00:00:00-04:00,45.26274490356445,45.45830730007351,45.09162920538496,45.26274490356445,747800,0.0,0.0,0.0
2026-04-30 00:00:00-04:00,46.00587463378906,46.044987856633455,45.18451560426793,45.21385238642234,838100,0.0,0.0,0.0
2026-05-01 00:00:00-04:00,45.82009506225586,46.09388017786818,45.761425224606455,46.010767372063356,1430100,0.0,0.0,0.0
2026-05-04 00:00:00-04:00,45.47785949707031,45.839651230672615,45.340966940590484,45.59519917123223,2435300,0.0,0.0,0.0
2026-05-05 00:00:00-04:00,45.83964920043945,46.0303214999547,45.47297112751901,45.53652731734334,925900,0.0,0.0,0.0
2026-05-06 00:00:00-04:00,45.95698547363281,46.093878025045385,45.82009292222025,45.91787225036,781500,0.0,0.0,0.0
2026-05-07 00:00:00-04:00,45.69297790527344,45.908096908380536,45.42896923692628,45.80053740682699,793500,0.0,0.0,0.0
2026-05-08 00:00:00-04:00,45.65386199951172,45.908094211895076,45.5414161490685,45.85920454952663,679500,0.0,0.0,0.0
2026-05-11 00:00:00-04:00,45.62453079223633,45.98631878443683,45.512081207205775,45.87875928485342,667700,0.0,0.0,0.0
2026-05-12 00:00:00-04:00,45.77120590209961,45.88365176295148,45.316524912905024,45.72231250516316,1082800,0.0,0.0,0.0
2026-05-13 00:00:00-04:00,45.585418701171875,45.732091427891476,45.42896953335741,45.6636451501003,681500,0.0,0.0,0.0
2026-05-14 00:00:00-04:00,45.60497283935547,45.87387158040632,45.560973261751975,45.75164555811815,881400,0.0,0.0,0.0
2026-05-15 00:00:00-04:00,45.194297790527344,45.663645295464846,45.130737868060066,45.63430851200211,831400,0.0,0.0,0.0
2026-05-18 00:00:00-04:00,45.780982971191406,45.82009619725988,45.34096850302746,45.37030528760008,1529900,0.0,0.0,0.0
2026-05-19 00:00:00-04:00,45.85920715332031,45.986319536687034,45.448525760014974,45.73209103991124,1305500,0.0,0.0,0.0
2026-05-20 00:00:00-04:00,46.03520965576172,46.12809889391269,45.688084478843024,45.82009066838497,1904200,0.0,0.0,0.0
2026-05-21 00:00:00-04:00,46.181880950927734,46.227838801809526,45.61475413316778,45.94720907117957,778200,0.0,0.0,0.0
2026-05-22 00:00:00-04:00,46.65122985839844,46.72945630738698,46.328555081426664,46.357888134776175,6118800,0.0,0.0,0.0
2026-05-26 00:00:00-04:00,46.56322479248047,46.85656650239533,46.54366818114718,46.739230564437825,855000,0.0,0.0,0.0
2026-05-27 00:00:00-04:00,46.6610107421875,46.915239245198265,46.54367106691257,46.59256446329835,728300,0.0,0.0,0.0
2026-05-28 00:00:00-04:00,46.70989990234375,46.944571790265606,46.50456106790153,46.73923295582338,766100,0.0,0.0,0.0
2026-05-29 00:00:00-04:00,46.46544647216797,46.70989852406487,46.397000196040224,46.607229109873245,850400,0.0,0.0,0.0
2026-06-01 00:00:00-04:00,46.152549743652344,46.465448082521114,46.152549743652344,46.307044370856,993700,0.0,0.0,0.0
2026-06-02 00:00:00-04:00,46.397003173828125,46.48500606736078,46.14277093471488,46.16232754772687,1138000,0.0,0.0,0.0
2026-06-03 00:00:00-04:00,46.1916618347168,46.54366965977208,46.18188166371834,46.26010811153663,1102800,0.0,0.0,0.0
2026-06-04 00:00:00-04:00,46.73923110961914,46.80767738506292,46.46740054998752,46.573005506410624,887500,0.0,0.0,0.0
2026-06-05 00:00:00-04:00,46.837013244628906,47.07168511865762,46.63167069230105,46.70989713700541,1164400,0.0,0.0,0.0
2026-06-08 00:00:00-04:00,46.61211395263672,46.98857218916491,46.55344784931235,46.90545938942727,946900,0.0,0.0,0.0
2026-06-09 00:00:00-04:00,47.120574951171875,47.149911733062694,46.78812002006615,46.817456801956965,1900600,0.0,0.0,0.0
2026-06-10 00:00:00-04:00,47.267250061035156,47.609481450051334,47.12057733428971,47.26235997546567,1321700,0.0,0.0,0.0
2026-06-11 00:00:00-04:00,47.53125762939453,47.761043155282934,47.32102871528837,47.472587794047826,1784700,0.0,0.0,0.0
2026-06-12 00:00:00-04:00,48.029937744140625,48.117940631350656,47.609479919697385,47.609479919697385,1019700,0.0,0.0,0.0
2026-06-15 00:00:00-04:00,47.57037353515625,48.01527435564984,47.531260309386425,47.89304832265102,1595800,0.0,0.0,0.0
2026-06-16 00:00:00-04:00,47.46281051635742,47.81482206214673,47.33080432166531,47.58014645493978,695300,0.0,0.0,0.0
2026-06-17 00:00:00-04:00,46.48500442504883,47.448146134116676,46.362778395574075,47.34547298692057,1454100,0.0,0.0,0.0
2026-06-18 00:00:00-04:00,46.445892333984375,46.75879067867308,46.39700266700973,46.739234065874726,1501200,0.0,0.0,0.0
2026-06-22 00:00:00-04:00,46.68624496459961,46.94835992690085,46.488421141278195,46.51809339416495,1062800,0.543,0.0,0.0
2026-06-23 00:00:00-04:00,47.121456146240234,47.180804427442375,46.68624673695173,46.73570175136565,1277500,0.0,0.0,0.0
2026-06-24 00:00:00-04:00,47.25004196166992,47.31927973613201,46.973090863821575,47.14123866660787,1304000,0.0,0.0,0.0
2026-06-25 00:00:00-04:00,47.60612487792969,47.83856759877969,47.319280508660505,47.373682157079685,1153300,0.0,0.0,0.0
2026-06-26 00:00:00-04:00,48.07100296020508,48.095732352432826,47.63381643453334,47.67535909678959,1391200,0.0,0.0,0.0
2026-06-29 00:00:00-04:00,47.8632926940918,48.06111652497327,47.65063273619996,47.986932116745756,939800,0.0,0.0,0.0
2026-06-30 00:00:00-04:00,47.19069290161133,47.78416438128499,47.17091014163797,47.68030772130662,1391800,0.0,0.0,0.0
2026-07-01 00:00:00-04:00,47.40829849243164,47.6456840607748,47.161019657721766,47.200585176837485,1313900,0.0,0.0,0.0
2026-07-02 00:00:00-04:00,47.89296340942383,47.92263943566686,47.58139343268913,47.65557783853328,788300,0.0,0.0,0.0
2026-07-06 00:00:00-04:00,47.576446533203125,47.932528660721836,47.42808149552073,47.803946382698875,970400,0.0,0.0,0.0
2026-07-07 00:00:00-04:00,48.021549224853516,48.38752084585993,47.92263919966549,47.92263919966549,1118300,0.0,0.0,0.0
2026-07-08 00:00:00-04:00,47.418190002441406,48.06111650930265,47.40830050882964,48.03144425529161,1118600,0.0,0.0,0.0
2026-07-09 00:00:00-04:00,47.418190002441406,47.68030874784995,47.304443846615264,47.457755523239946,849200,0.0,0.0,0.0
2026-07-10 00:00:00-04:00,47.81383514404297,47.892962408293904,47.59622856429569,47.67535960172217,860500,0.0,0.0,0.0
2026-07-13 00:00:00-04:00,48.14024353027344,48.44687065512242,47.99682512117346,48.071005755819755,1032200,0.0,0.0,0.0
2026-07-14 00:00:00-04:00,47.98198318481445,48.298503562967625,47.87812652754138,48.229262018276685,877700,0.0,0.0,0.0
2026-07-15 00:00:00-04:00,48.09078598022461,48.43697860741355,47.99187595712807,47.99187595712807,639300,0.0,0.0,0.0
2026-07-16 00:00:00-04:00,49.00077438354492,49.02055714293801,48.20948287369908,48.20948287369908,794300,0.0,0.0,0.0
2026-07-17 00:00:00-04:00,48.8524055480957,49.70304533565783,48.69414724621267,49.257942682494445,797500,0.0,0.0,0.0
2026-07-20 00:00:00-04:00,48.65458297729492,48.91274365471402,48.546772029678785,48.862300069557406,889700,0.0,0.0,0.0
2026-07-21 00:00:00-04:00,48.77328109741211,48.81284284528348,48.446871208536926,48.67436729479428,725300,0.0,0.0,0.0
2026-07-22 00:00:00-04:00,48.98099136352539,49.198597942515946,48.88207756708626,49.005716982753526,695800,0.0,0.0,0.0
2026-07-23 00:00:00-04:00,48.54578399658203,48.95132114590027,48.427087435921315,48.842517851882455,793800,0.0,0.0,0.0
2026-07-24 00:00:00-04:00,49.20848846435547,49.22827122405688,48.66447577868113,48.71393079134687,768400,0.0,0.0,0.0
2026-07-27 00:00:00-04:00,49.34696578979492,49.53490012715226,49.14914195881781,49.15903522561332,792400,0.0,0.0,0.0
2026-07-28 00:00:00-04:00,49.989891052246094,50.34597318450201,49.623915653441045,49.72282945305416,1059800,0.0,0.0,0.0
2026-07-29 00:00:00-04:00,49.861305236816406,50.24607105218121,49.757448576609725,49.94043627688378,1115700,0.0,0.0,0.0
2026-07-30 00:00:00-04:00,49.19860076904297,49.554679137154444,48.7139325715852,49.54478964353013,1689400,0.0,0.0,0.0
2026-07-31 00:00:00-04:00,48.96120834350586,49.12935613679366,48.74854839876361,49.12935613679366,1132900,0.0,0.0,0.0
2026-08-03 00:00:00-04:00,49.287620544433594,49.57446113322504,49.079903449768196,49.27772727778607,1205000,0.0,0.0,0.0
2026-08-04 00:00:00-04:00,49.643699645996094,49.673375673204696,48.644694770740486,48.961211391010124,2297200,0.0,0.0,0.0
2026-08-05 00:00:00-04:00,49.337074279785156,49.643697620751134,49.030447165643594,49.633808127535545,1428900,0.0,0.0,0.0
2026-08-06 00:00:00-04:00,48.95132064819336,49.65359164567176,48.882079101924106,49.57446060603584,879200,0.0,0.0,0.0
2026-08-07 00:00:00-04:00,49.35685729980469,49.46565681845258,48.67436529588475,48.86229962655284,950800,0.0,0.0,0.0
2026-08-10 00:00:00-04:00,49.18870544433594,49.283661181129965,48.88207833035013,49.144197065125006,1168700,0.0,0.0,0.0
2026-08-11 00:00:00-04:00,49.30739974975586,49.4260963109977,49.01066589300268,49.06012090693226,778100,0.0,0.0,0.0
2026-08-12 00:00:00-04:00,49.25794219970703,49.30739721109035,48.92164283985478,49.23815944051861,1023200,0.0,0.0,0.0
2026-08-13 00:00:00-04:00,49.85141372680664,49.900868738260364,49.47554884804242,49.52005722639812,832100,0.0,0.0,0.0
2026-08-14 00:00:00-04:00,49.861305236816406,49.97010853032121,49.77228470332844,49.920653516866935,879300,0.0,0.0,0.0
2026-08-17 00:00:00-04:00,49.238162994384766,49.63381066035898,49.20849074004822,49.60413840602244,884900,0.0,0.0,0.0
2026-08-18 00:00:00-04:00,49.37663650512695,49.67337412893338,49.35685751850377,49.58435359642658,684600,0.0,0.0,0.0
2026-08-19 00:00:00-04:00,49.95032501220703,50.26585304931193,49.61402564337604,49.61402564337604,846900,0.0,0.0,0.0
2026-08-20 00:00:00-04:00,49.762393951416016,50.09869331684602,49.712935166036885,49.78217671093255,726700,0.0,0.0,0.0
2026-08-21 00:00:00-04:00,49.88108825683594,50.098694844979825,49.80294956156143,49.94043653719582,859200,0.0,0.0,0.0
2026-08-24 00:00:00-04:00,50.12836837768555,50.34102833793191,49.955273938688684,49.98989282648806,521500,0.0,0.0,0.0
2026-08-25 00:00:00-04:00,49.89097595214844,50.02450863485149,49.66743793988339,49.98988974918321,798000,0.0,0.0,0.0
2026-08-26 00:00:00-04:00,49.89097595214844,50.04923425422852,49.76239367576655,49.920651977846646,593600,0.0,0.0,0.0
2026-08-27 00:00:00-04:00,49.43598556518555,49.633809393121865,49.302456650904546,49.465657818764505,770300,0.0,0.0,0.0
2026-08-28 00:00:00-04:00,49.46565628051758,49.777230026110296,49.3865290157091,49.67831622863024,685200,0.0,0.0,0.0
2026-08-31 00:00:00-04:00,49.07990264892578,49.396419259319465,48.976045989875566,49.2975092335123,606800,0.0,0.0,0.0
2026-09-01 00:00:00-04:00,49.00077438354492,49.30739772119894,48.88900160431519,49.14913941922977,873900,0.0,0.0,0.0
2026-09-02 00:00:00-04:00,49.20848846435547,49.40631228819403,48.941426868149755,49.000775147254004,578400,0.0,0.0,0.0
2026-09-03 00:00:00-04:00,49.32718276977539,49.48346393501063,49.04034217820272,49.3865310507089,621200,0.0,0.0,0.0
2026-09-04 00:00:00-04:00,49.07990264892578,49.371693639455486,49.00077538291517,49.06011988912922,607800,0.0,0.0,0.0
2026-09-08 00:00:00-04:00,48.64469528198242,48.96121190557856,48.605129760738954,48.862301875645684,886100,0.0,0.0,0.0
2026-09-09 00:00:00-04:00,47.95231246948242,48.58534569973158,47.91769358261491,48.58534569973158,869200,0.0,0.0,0.0
2026-09-10 00:00:00-04:00,47.73470687866211,48.0799109556948,47.67536237032154,48.051227273573424,848400,0.0,0.0,0.0
2026-09-11 00:00:00-04:00,47.96220397949219,48.1402412674504,47.78910577831871,48.07100349625122,593600,0.0,0.0,0.0
2026-09-14 00:00:00-04:00,48.10068130493164,48.48643569396243,47.991878010963845,48.18970183879841,969200,0.0,0.0,0.0
2026-09-15 00:00:00-04:00,47.95231246948242,48.07100525686022,47.85834530233817,48.061115763401936,739800,0.0,0.0,0.0
2026-09-16 00:00:00-04:00,47.37862777709961,48.01166101079047,47.091783413966034,47.86329219587981,1436200,0.0,0.0,0.0
2026-09-17 00:00:00-04:00,47.61601257324219,47.739651992584086,47.45775426741159,47.65557809299375,504300,0.0,0.0,0.0
2026-09-18 00:00:00-04:00,47.071998596191406,47.368732439866434,47.057162469983986,47.368732439866434,651800,0.0,0.0,0.0
2026-09-21 00:00:00-04:00,47.0099983215332,47.290000915527344,46.96500015258789,47.15999984741211,903500,0.518,0.0,0.0
2026-09-23 00:00:00-04:00,46.439998626708984,46.869998931884766,46.38999938964844,46.81999969482422,1940644,0.0,0.0,0.0
